date,house3_average,house3_max,house3_min,house3_median,house4_average,house4_max,house4_min,house4_median,house3solar_average,house3solar_max,house3solar_min,house3solar_median
2023-03-01,1578.5180783707456,3652.56,479.0,1349.01,222.0158963206827,5386.859504132232,-1874.0578512396692,432.85833333333323,340.4244573096979,1604.413333,0.0,24.86593819
2023-03-02,1524.309227163648,3617.88,523.6831683168317,1369.7681372549018,241.37864369570812,1505.925,-373.08333333333326,443.2530822381791,205.67994655236112,1113.476821,0.0,2.918425468
2023-03-03,1427.7939091996523,3695.27,476.24,1203.185,-390.9004342950313,2432.3416666666662,-3501.2644628099174,440.01884700665187,446.6093438601007,1521.04698,0.0,30.486199385
2023-03-04,1438.5608518433958,3545.94,500.22,1172.338823529412,898.2646405358507,5006.854304635762,-682.1138211382114,521.9272368421052,301.8644177722986,1456.326667,0.0,15.563758385
2023-03-05,1720.8903771413259,6270.466666666666,449.33333333333326,1106.867816091954,281.0595695615118,4025.3,-2670.6,531.8333333333333,439.9547001426603,1576.366667,0.0,20.033333335000002
2023-03-06,1204.5642507074474,3350.903225806452,563.125,905.6833333333333,-11.985020650517031,2725.8,-3423.733333333333,442.04999999999995,296.93053218164863,1601.48,0.0,0.0
2023-03-07,1168.8777621997692,2774.6666666666665,459.16666666666663,978.0,10.08611676779498,2093.0,-3050.4666666666662,420.01666666666665,280.50462913431693,1599.677419,0.0,44.5
2023-03-08,1308.8471533201111,3557.6666666666665,517.6666666666666,1049.010752688172,-2.4462898591027096,1956.5666666666664,-2018.4,434.48333333333335,211.2524807662745,1367.636364,0.0,0.0
2023-03-09,983.6638565339446,2158.2666666666664,473.0,924.9999999999998,-12.79348433702056,1096.0,-2261.733333333333,413.3666666666667,218.38587633604166,1545.966667,0.0,0.0
2023-03-10,935.2902487058022,3075.2,482.0967741935484,811.1499999999999,-350.46137168870763,1042.2333333333331,-3505.333333333333,409.34999999999997,473.559211274391,1458.580645,0.0,121.2666667
2023-03-11,879.0265772653128,1923.6,498.56666666666666,852.7833333333333,-287.3550322117167,5088.1,-3504.4,449.7632183908046,417.8080447289881,1488.666667,0.0,0.0
2023-03-12,971.0259996820974,2292.9,441.2,883.8342105263157,-158.88087753915616,911.6533333333331,-2771.0,372.7872072072072,286.5240815202934,1602.0,0.0,0.0
2023-03-13,962.2057605851684,3395.779220779221,426.64,929.9999999999998,-289.37044653334124,3837.959459459459,-3505.08,385.8474561403508,364.88560485484356,1412.133333,0.0,0.0
2023-03-14,1001.2548921137901,3205.333333333333,489.28378378378375,903.2533333333333,183.93776795186332,3246.253333333333,-2958.2266666666665,468.1565789473684,218.18762274286252,1603.294118,0.0,0.0
2023-03-15,900.3926761077089,1901.16,439.12,877.56,-128.83282453591664,1691.9733333333331,-3433.5131578947367,374.1525604551921,241.4903912004258,1368.52,0.0,2.186666667
2023-03-16,929.4529995511574,1981.56,482.04054054054046,908.0463157894735,-313.0215706521628,849.2105263157895,-3498.213333333333,371.76396396396393,270.0629436354973,1563.0,0.0,41.50666667
2023-03-17,961.1265151583573,2377.44,451.0,848.2697368421052,-635.419132125119,775.92,-3738.2133333333327,364.6479824561403,416.1194651141216,1421.172414,0.0,84.828235295
2023-03-18,939.7918224899968,2882.36,432.2933333333333,917.78,17.947596712826975,892.3243243243243,-2097.373333333333,373.5708108108108,128.30138702902826,986.3333333,0.0,0.0
2023-03-19,896.7432688802096,1727.4666666666667,451.38666666666666,908.6147368421052,44.421061336028444,796.6486486486486,-992.84,354.38666666666666,137.21981060046784,1122.12,0.0,0.0
2023-03-20,779.9240762113789,1602.04,460.6133333333333,756.6392105263158,-571.1360615389399,697.9342105263157,-4263.733333333333,351.4133333333333,366.3355104672558,1490.857143,0.0,0.0
2023-03-21,848.8862576552543,2400.08,424.72,806.22,82.00538440888769,762.0933333333332,-1458.2266666666667,354.5933333333333,109.41480573909155,1020.493333,0.0,4.206666667
2023-03-22,848.2367020650204,1341.0266666666666,394.8666666666666,891.8666666666666,-432.3973219117956,863.4,-3502.0405405405404,360.1397368421052,327.65267651142443,1506.8,0.0,0.0
2023-03-23,962.3806092265303,2852.48,383.77333333333326,901.0133333333333,-277.33577054327054,782.2266666666666,-3475.6133333333332,354.7752252252252,292.39573844342107,1415.396552,0.0,0.0
2023-03-24,809.2726486250006,1469.0533333333333,387.22666666666663,823.3999999999999,147.19926053680987,3142.12,-2255.0,407.7748245614035,239.39999521351098,1503.893333,0.0,27.781964655
2023-03-25,871.4336414000722,2938.3466666666664,432.01351351351354,850.6011403508771,-206.54511290853395,1649.48,-2754.4594594594596,418.25333333333333,286.1421176195057,1466.052632,0.0,0.0
2023-03-26,884.805269049167,1920.9466666666665,415.88,867.3471929824561,313.8698513739632,2279.733333333333,-1478.6,436.7708771929824,211.43459881069424,1227.28,0.0,0.0
2023-03-27,873.8252114007377,1759.0266666666666,452.08,884.2609523809523,245.51810731656127,792.6266666666666,-509.12,360.70394736842104,65.12038160193464,555.7222222,0.0,0.0
2023-03-28,848.1364969981088,1870.7236842105265,399.89473684210526,794.2533333333333,-103.26870920967959,996.1066666666666,-2971.0666666666666,354.67570175438595,314.409045080097,1429.813333,0.0,0.0
2023-03-29,773.022385201974,1610.2236842105265,396.4189189189189,757.7666666666667,-133.89709472651907,830.4666666666666,-2633.855263157895,349.4384210526316,221.83369137853572,1431.88,0.0,83.880730595
2023-03-30,771.1138213672916,1240.8552631578948,421.72,768.8199999999999,-73.98064780647016,1462.8684210526317,-2862.4666666666662,369.8402631578948,281.33229619493915,1429.106667,0.0,0.053333333
2023-03-31,823.1872531731577,1757.8533333333332,396.94666666666666,798.3999999999999,-48.225921623092674,771.4666666666666,-2105.447368421053,350.61333333333334,184.8934907572586,1332.157895,0.0,0.0
2023-04-01,937.4783367439782,3191.253333333333,401.1923076923077,905.1066666666666,-93.15244855549132,847.04,-2482.653333333333,352.3666666666667,109.09169708662309,1240.086957,0.0,0.0
2023-04-02,965.8756591601822,3292.4415584415583,414.33333333333326,848.5533333333333,-519.5665170626025,826.12,-3487.08,351.23333333333335,484.99890242762893,1477.066667,0.0,0.0
2023-04-03,822.7111724243302,1473.3026315789473,402.4133333333333,846.9466666666667,-35.7622479066558,3752.413333333333,-3209.315789473684,409.9133333333333,447.86757410809156,1463.216216,0.0,131.1866667
2023-04-04,871.2377729994176,1945.1866666666665,391.0675675675676,824.4075438596491,5.258476669381271,1487.0933333333332,-2783.727272727273,518.8804385964911,267.2010439583873,1401.066667,0.0,0.0
2023-04-05,873.1160225408252,3228.7866666666664,432.4133333333333,795.3599999999999,333.53264766261475,2874.7631578947367,-534.1052631578947,380.6733333333333,145.22113840603706,880.6909091,0.0,1.685
2023-04-06,863.7895992061781,3265.6315789473683,397.8666666666666,797.7117117117116,131.64236525785867,1697.4133333333332,-1593.013333333333,323.4062280701754,165.1214851922993,1501.053333,0.0,0.0
2023-04-07,976.0706993265053,4619.4,509.01333333333326,867.7933333333333,206.82783112016665,2622.52,-2251.0135135135133,443.5466666666666,100.46341996855556,572.2,0.0,0.0
2023-04-08,1046.7901455154743,5337.605263157895,436.04,897.4066666666665,185.77741820853663,2400.960526315789,-4550.9333333333325,553.74,178.39667475094376,1407.734694,0.0,0.0
2023-04-09,923.0714261927254,1870.3684210526317,463.5333333333333,859.9584210526315,361.54227977262514,3041.48,-3873.3717948717945,726.4066666666665,175.21003061695,1577.386667,0.0,8.8300564955
2023-04-10,1199.6411305820516,3187.434210526316,497.16,894.8,595.254384205848,3307.0666666666666,-2244.853333333333,530.48,113.05507384358107,669.16,0.0,0.0
2023-04-11,903.2747931988721,2705.9066666666663,415.85135135135135,855.6395670995671,-99.84232652400415,2738.893333333333,-4075.56,444.2058771929825,238.5909810440606,1434.625,0.0,0.0
2023-04-12,1055.2869258202152,5175.684210526316,425.2533333333333,826.5666666666666,120.3458786901221,3137.6666666666665,-3752.9066666666663,412.4932432432432,182.29595602892553,1398.0,0.0,0.0
2023-04-13,926.4157368467236,3637.2533333333326,471.4,850.0666666666666,456.21890744362776,4416.306666666666,-3859.453333333333,484.24666666666667,313.60066848066856,1542.653333,0.0,4.9797297295
2023-04-14,1144.228599438254,5606.093333333333,446.3733333333333,865.2466666666667,-97.39694589326169,2409.5921052631575,-2984.24,401.87333333333333,342.52750097594185,1323.328947,0.0,0.0
2023-04-15,1041.3937336738652,5382.066666666667,421.2933333333333,788.0733333333333,474.9842558512459,2834.36,-514.9733333333332,525.6933333333333,63.40157100168452,904.08,0.0,0.0
2023-04-16,956.8790333919446,3609.175675675676,422.90666666666664,842.3199999999999,413.98942416100306,2472.92,-681.6266666666667,464.6262162162162,232.07016641021607,1581.786667,0.0,0.0
2023-04-17,1119.4388358088986,5067.053333333332,487.64,875.433596491228,511.02722103254996,2960.0133333333333,-531.6933333333333,564.0866666666666,131.18385371620968,1176.48,0.0,0.0
2023-04-18,856.1926776379782,2098.9466666666663,427.64,788.38,887.4685917728758,8123.413333333333,-868.8133333333333,422.8133333333333,247.9693867983261,1559.333333,0.0,0.0
2023-04-19,1047.6826321830433,3167.4933333333333,543.5066666666667,842.8066666666666,259.75354790645906,2491.3783783783783,-534.3733333333333,356.74,243.50346454527028,1544.0,0.0,0.0
2023-04-20,1183.4029143288024,5372.493333333333,517.3466666666667,893.02,556.8171550333228,5143.44,-604.0266666666666,511.66666666666663,120.70977296706617,1465.034483,0.0,0.0
2023-04-21,891.3000220121436,1705.328947368421,503.12,838.8599999999999,352.4704376909804,2619.24,-503.84,406.2333333333333,76.72927369152318,447.5714286,0.0,0.0
2023-04-22,1072.4042509585124,3090.054054054054,494.78666666666663,967.9066666666665,895.6661333513681,8145.16,-668.8666666666667,459.5466666666666,207.69729030880893,1562.37037,0.0,0.0
2023-04-23,983.5279172502857,2906.0666666666666,487.89333333333326,836.8,1385.6648435112743,10121.306666666665,-526.9733333333332,509.46666666666664,187.81906653875484,1389.613333,0.0,0.0
2023-04-24,943.0239498437305,1844.44,579.0133333333333,856.68,1320.7737907127052,8544.293333333333,-518.1866666666666,547.7133333333334,408.46067157915434,1292.34,0.0,0.0
2023-04-25,1018.0287975804752,3460.4133333333334,553.0133333333333,849.2020175438596,308.3527942745377,2158.44,-538.4666666666666,382.1133333333333,202.17386985426668,1240.280488,0.0,0.0
2023-04-26,1121.2128987233384,5577.453333333333,508.5333333333333,961.9348648648647,497.27204791645636,3130.6133333333332,-1034.8933333333332,661.12,276.04089560519446,1291.373832,0.0,0.0
2023-04-27,927.306807304612,2998.48,560.7066666666666,845.8768421052631,498.5476821982133,3464.4533333333334,-526.8933333333333,551.8866666666667,214.72237629374305,1370.747664,0.0,0.0
2023-04-28,876.1815424483352,1825.6666666666663,541.2266666666667,819.7866666666666,383.8896207720879,1758.5466666666666,-522.1733333333333,491.08666666666664,139.65693839435414,1099.584112,0.0,0.0
2023-04-29,907.5139695598376,1796.4266666666665,471.21333333333325,873.3733333333332,356.3806766538093,2608.373333333333,-533.48,418.2933333333333,316.45586296322915,1514.807512,0.0,0.0
2023-04-30,1096.793724382277,3559.5733333333333,546.0933333333332,860.5133333333333,347.9240662537537,1777.5466666666666,-526.68,547.9733333333334,352.4094797914028,1323.85514,0.0,0.0
2023-05-01,1200.4195540935673,5554.613333333333,547.2133333333333,866.0266666666666,539.4422531742268,3651.28,-523.328947368421,547.18,165.0746726711597,1155.802817,0.0,0.0
2023-05-02,956.7311592321132,3085.5466666666666,565.0266666666666,841.4733333333334,237.90907075874605,1781.7066666666667,-556.5733333333333,393.3133333333333,203.49944524127778,1495.812207,0.0,0.0
2023-05-03,999.5878659745272,2262.1466666666665,641.7333333333332,929.6133333333332,488.72232709448167,3815.1866666666665,-527.7066666666666,703.1866666666667,197.77749841931598,1513.476636,0.0,0.0
2023-05-04,1080.6183883038982,3397.1466666666665,622.88,902.3199999999998,633.5248080205876,4806.626666666666,-516.9733333333332,371.31333333333333,113.42296817035417,1277.672897,0.0,0.0
2023-05-05,1207.3178902092882,3320.506666666666,567.1081081081081,930.1333333333331,318.19575397766187,2023.2567567567569,-1372.5333333333333,463.2733333333333,204.63034191400695,1448.773148,0.0,0.0
2023-05-06,1307.896835242197,5199.236842105263,502.34666666666664,1032.8524561403508,433.57639360641,3483.64,-508.06666666666666,432.49999999999994,101.70535076764236,1058.270142,0.0,0.0
2023-05-07,1180.219706653741,3678.36,550.1066666666667,893.6799999999998,825.2320957939535,3825.4266666666663,-619.44,937.4199999999998,218.68210574447914,1506.939252,0.0,0.0
2023-05-08,1181.9656148253516,4525.666666666666,559.4,874.1333333333332,718.993229764392,3589.3866666666663,-786.9066666666665,830.8733333333332,162.3965126929271,1411.0,0.0,0.0
2023-05-09,896.9844968323587,3228.986666666666,490.56,844.0933333333332,525.4333444793477,3047.84,-660.08,507.4533333333333,174.45353855520833,1353.176744,0.0,0.0
2023-05-10,1098.725211845679,3217.2266666666665,494.88,796.4533333333334,695.3231126482519,2376.9466666666663,-564.32,798.28,127.7784762324757,944.6915888,0.0,0.0
2023-05-11,1169.2029568548812,4391.36,603.2133333333333,896.3834234234234,706.7929540066382,6252.828947368421,-503.5333333333333,830.3266666666666,323.9320273353958,1294.311628,0.0,0.0
2023-05-12,1004.5567006974078,2645.04,615.5866666666666,917.3066666666666,404.02417852062587,2983.445945945946,-529.0266666666666,557.16,210.97890117570833,1341.67757,0.0,0.0
2023-05-13,1215.8080062957695,4780.173333333333,557.5657894736842,1035.5533333333333,627.4525602740899,4999.1973684210525,-1203.08,728.8996396396396,282.8039725664583,1215.985981,0.0,0.0
2023-05-14,1104.8971716010037,3739.2266666666665,437.70666666666665,876.0933333333332,522.6068934683573,4081.16,-833.2702702702702,565.5831578947368,294.7930346403889,1238.560748,0.0,0.0
2023-05-15,999.9488053514038,3081.2666666666664,484.84,807.4758771929824,756.5061196114098,4708.373333333333,-821.5270270270271,694.8133333333333,272.5503354170486,1269.846512,0.0,0.0
2023-05-16,920.2787654101469,2252.0933333333332,545.2666666666667,838.06,461.90944047666085,2690.506666666666,-1213.0,771.1999999999999,129.55719279925347,1001.195349,0.0,0.0
2023-05-17,1124.1604164032453,7448.12,476.88,879.9820175438596,764.2061429356988,4432.826666666667,-1218.5066666666667,627.4866666666667,293.42449258706944,1346.737089,0.0,0.0
2023-05-18,1175.198322565987,3675.52,478.5945945945946,854.5333333333333,907.8579631205453,4423.333333333333,-1002.7066666666666,628.0866666666666,153.12282174124306,1123.565421,0.0,0.0
2023-05-19,1194.2920677256202,3815.84,553.6933333333333,873.6399999999999,436.40399012499336,3833.3333333333326,-1346.16,585.8399999999999,155.20587740194793,1414.75,0.0,0.0
2023-05-20,1058.4327467763817,2240.64,670.7066666666666,1027.8600000000001,654.6145547356567,3323.364864864865,-1012.7466666666666,556.1333333333332,166.67801826061805,1390.509434,0.0,0.0
2023-05-21,1147.1901259647805,4099.346666666666,568.92,1026.1533333333332,838.091819352247,4639.493333333333,-1019.2933333333332,578.0999999999999,158.47559939126043,1254.348837,0.0,0.0
2023-05-22,1173.4550463456878,3551.4666666666662,567.84,933.4666666666665,608.6694834637269,4264.346666666666,-1010.2666666666667,605.2,261.08053956987845,1235.408451,0.0,0.0
2023-05-23,926.8441684600889,2018.76,503.28,862.8666666666666,471.98164287836596,3621.053333333333,-1037.9594594594594,588.3933333333332,238.59586775362152,1256.311321,0.0,0.0
2023-05-24,927.9973260431484,1948.6533333333332,499.46666666666664,850.0666666666666,490.16406090300825,3690.7432432432433,-1018.84,570.9628070175438,244.6024012607639,1238.481308,0.0,0.0
2023-05-25,1168.222123982535,4112.72,509.44,931.4799999999998,823.881352367615,4246.4,-1001.96,752.7266666666667,80.3370531076875,837.5162791,0.0,0.0
2023-05-26,1412.025286585928,4299.773333333333,485.89473684210526,982.6066666666666,557.6173573547802,5583.64,-2410.0,548.3066666666666,203.28104212902778,1472.71028,0.0,0.0
2023-05-27,1400.6648382099204,4679.44,565.8026315789474,1011.7542342342342,2813.562694078187,11062.04,-1431.68,1324.2466666666664,138.1143162651979,1498.739535,0.0,0.0
2023-05-28,1236.5665796486055,3636.68,588.9066666666666,1101.7466666666667,981.3427199827037,4184.426666666666,-1706.52,960.4066666666665,115.18649337560416,1377.244131,0.0,0.0
2023-05-29,1219.7044283428163,5727.6,513.24,848.7666666666667,561.0184134792687,3004.28,-2340.0,555.1866666666666,145.76215157220835,1281.420561,0.0,0.0
2023-05-30,1099.7243003529845,4014.453333333333,553.88,921.2666666666667,687.3133696525472,2236.9466666666663,-1461.7066666666667,623.4066666666666,93.40842690938888,1184.837209,0.0,0.0
2023-05-31,1251.13793496055,5294.4729729729725,518.6,873.0666666666666,878.9199620419065,4842.96,-1027.0533333333333,643.9466666666666,68.47327296251389,786.7757009,0.0,0.0
2023-06-01,1321.4995199969705,4701.333333333333,564.6266666666667,1207.38,1070.2246296260867,5146.346666666666,-1023.4533333333331,1246.50649122807,161.81202958099652,1278.943925,0.0,0.0
2023-06-02,1622.894202656604,4051.7466666666664,641.72,1372.4333333333334,516.7103450983878,2892.853333333333,-1004.8026315789472,570.6666666666666,190.58777591976735,1229.28972,0.0,0.0
2023-06-03,1203.5582508495336,4208.0,497.82666666666665,964.5199999999999,1004.5408325292598,4899.613333333333,-1024.6666666666665,1120.3801369863013,87.83252167693055,1068.627358,0.0,0.0
2023-06-04,1269.3957409053792,5611.453333333333,539.32,936.6799999999998,948.1939765244946,5590.876712328767,-1009.7702702702702,638.3757142857144,226.73495563964582,1161.277778,0.0,0.0
2023-06-05,1021.0893390100625,3482.2,487.8666666666666,837.7533333333333,1079.592916407356,4180.013333333332,-1006.16,673.137619047619,159.1094034010382,1356.063745,0.0,0.0
2023-06-06,956.4907132022373,1843.88,543.7333333333332,941.0202702702702,778.2542236285427,4123.773333333333,-952.2533333333331,571.2271021021022,140.08958068034374,1068.267717,0.0,0.0
2023-06-07,1031.6916743402712,4807.2266666666665,491.5466666666666,826.0999999999999,1128.3589488515356,4741.810810810811,-344.94520547945206,842.3347222222221,17.549546000666666,203.2648221,0.0,0.0
2023-06-08,975.3425853649702,2100.7866666666664,554.12,930.1661261261258,350.57443240291747,4143.333333333333,-1266.2933333333333,425.005945945946,243.4683815935556,1256.792969,0.0,0.0
2023-06-09,1388.3284139500915,3991.2933333333326,497.78666666666663,1032.4318421052633,292.44615109444027,4072.6216216216217,-1005.2933333333332,422.7724999999999,220.67033990043058,1236.079681,0.0,0.0
2023-06-10,1062.3345354071175,2166.986666666666,588.9466666666666,1000.1799999999998,153.44911615233138,981.3972602739726,-1010.6133333333332,377.88666666666666,134.55482317079515,1240.246032,0.0,0.0
2023-06-11,1079.3918929436556,4184.2,491.56,983.3199999999998,154.03123064153866,780.04,-1007.030303030303,374.96666666666664,120.81708391540626,1303.527559,0.0,0.0
2023-06-12,1542.0182051404472,3758.373333333333,575.1466666666666,1189.5533333333333,525.3868827218947,4377.586666666666,-1004.9189189189188,530.5727777777778,135.3187328611979,1269.83871,0.0,0.0
2023-06-13,1538.6575427602309,5963.68,655.4666666666666,1369.4866666666667,688.795152281129,4629.054054054054,-1006.0666666666666,705.2466666666667,143.2606514007361,1206.350394,0.0,0.0
2023-06-14,1151.5913197612726,3397.9466666666663,565.6666666666666,1035.7266666666665,859.0816023661266,4984.287671232877,-999.1285714285714,838.3093150684931,162.287075508,1179.397638,0.0,0.0
2023-06-15,1209.4819414315632,3887.2266666666665,560.2933333333333,972.2466666666666,1161.3439467508806,4785.066666666667,-969.9733333333331,1044.6666666666665,59.55643035058333,754.9338521,0.0,0.0
2023-06-16,1495.7607782618145,4214.12,496.12,1100.0466666666666,507.0272576998067,4707.72,-1007.5479452054794,690.6462301587301,244.51256695932292,1194.019763,0.0,0.0
2023-06-17,1270.0912181189647,3452.12,610.4,1157.8133333333333,420.8837008481205,4698.6,-1028.958904109589,491.1957556147697,237.60955146754512,1258.384314,0.0,0.0
2023-06-18,1338.7091696136927,4323.053333333332,495.72,1167.9066666666665,600.1139088487972,4693.64,-1004.8666666666666,504.5533333333333,253.36578734607642,1283.29249,0.0,0.0
2023-06-19,1799.355341111235,6573.266666666666,770.4266666666665,1260.12,836.617594635337,4431.554054054054,-1006.0694444444443,847.3337837837837,210.38675027619098,1388.646825,0.0,0.0
2023-06-20,1127.8745570143274,4105.12,652.9866666666667,1023.3399999999999,1086.5732654353437,5147.213333333333,-1003.4133333333332,1385.2136936936936,127.15440124198959,1242.604743,0.0,0.0
2023-06-21,1213.7293359599853,4191.026315789473,547.2368421052632,977.7599999999998,578.4263081369737,4223.611111111111,-1057.3918918918919,395.3014912280702,259.2609134676736,1236.243137,0.0,0.0
2023-06-22,1593.9363512420912,3512.7866666666664,612.36,1684.5133333333333,393.53352006175567,4173.826666666667,-1073.2432432432431,457.37837837837833,111.93601124088889,1554.917323,0.0,0.0
2023-06-23,1317.8011059908592,5717.2266666666665,475.98648648648646,1002.6733333333332,1029.3312727849886,4868.466666666666,-1000.2162162162163,1042.2658250355619,71.5390333818264,737.5960784,0.0,0.0
2023-06-24,982.4973549207102,2130.9333333333334,547.8666666666667,939.9199999999998,775.8977600468623,4284.666666666666,-1008.2297297297296,504.4916666666666,210.56968181474653,1311.309524,0.0,0.0
2023-06-25,1423.4339298179757,5363.105263157895,494.78666666666663,998.3399999999999,930.7537899309177,4888.56,-716.2666666666667,917.2369322278298,101.77588041864584,758.0846774,0.0,0.0
2023-06-26,1712.3338874236078,6045.546666666666,574.3333333333333,1325.5133333333333,426.0779246078726,4751.026666666667,-1027.957746478873,512.7274693583272,214.01844980817708,1300.652174,0.0,0.0
2023-06-27,1129.3918354868026,4382.173333333333,502.18666666666667,976.4200000000001,659.0802991519654,4582.72602739726,-1019.0266666666666,903.0892237442922,162.62113460036804,1143.083004,0.0,0.0
2023-06-28,2106.7228981283915,5438.786666666666,620.5866666666666,1805.3933333333332,1045.2005517046834,4916.77027027027,-134.44594594594594,900.4,60.23848297179862,444.4257813,0.0,0.0
2023-06-29,1715.4767698455032,5520.386666666666,538.9333333333333,1026.3466666666666,753.1841335252492,4637.1466666666665,-991.0555555555555,761.4457534246576,99.5276633103368,1113.513944,0.0,0.0
2023-06-30,797.6330821775723,1439.3552631578948,481.32,731.595225225225,898.0902170170057,4467.53947368421,-984.6486486486486,819.6747747747747,93.88471340356597,793.5393701,0.0,0.0
2023-07-01,850.6171820547478,1680.0666666666666,539.9066666666666,790.4533333333333,1143.062835020079,4579.1866666666665,-1014.5066666666665,897.7860051832654,136.37962577972223,1342.681102,0.0,0.0
2023-07-02,810.0737535891153,2099.9333333333334,495.6133333333333,748.3788288288288,1070.059347441686,4206.3378378378375,-1002.162162162162,617.2620175438597,105.94935350850348,1287.551181,0.0,0.0
2023-07-03,1349.627411358727,7181.013333333332,465.12,892.4533333333333,806.4821210280056,4157.256756756757,-999.0273972602739,788.4933333333333,86.72733648331597,591.8932806,0.0,0.0
2023-07-04,1240.382992976529,3286.12,562.6266666666667,1057.8663963963963,1127.5290868604095,4183.026666666667,-597.6133333333332,1013.5624768604221,46.39017690280208,670.6614173,0.0,0.0
2023-07-05,1079.961745544887,3630.315789473684,469.44,808.4266666666665,917.7286352518105,4670.1973684210525,-997.2465753424656,985.5997297297297,95.78921192111153,931.3864542,0.0,0.0
2023-07-06,1300.4321948264053,5939.04,519.0,922.9199999999998,735.9603656454767,4113.853333333333,-1002.0133333333332,390.47222222222223,66.8442020215,926.5433071,0.0,0.0
2023-07-07,1148.6720837120015,6696.546666666666,461.5466666666666,813.22,70.73418779951643,3878.1111111111113,-1503.32,318.85036036036036,209.38195856929514,1189.367589,0.0,0.0
2023-07-08,1099.3658282789368,3583.1891891891887,495.7702702702703,881.5466666666666,858.4529514586817,4743.135135135135,-1494.2027027027027,815.7466666666666,200.27993003629166,1325.280632,0.0,0.0
2023-07-09,1101.458144526908,4935.32,486.4210526315789,899.3399999999999,405.11161402359323,3872.16,-1502.7027027027027,422.3646846846847,155.27073063131598,1404.324,0.0,0.0
2023-07-10,941.142615905379,4614.666666666666,490.28,731.9200000000001,241.67811928362323,5797.906666666667,-1635.2702702702702,357.08277027027026,168.14615744367015,1334.232283,0.0,0.0
2023-07-11,859.8319395662387,2407.216216216216,487.9733333333333,748.52,5.342261165588969,1860.0533333333333,-1507.972972972973,315.3067579908676,199.97256992550348,1281.16996,0.0,0.0
2023-07-12,951.4203547813415,3824.853333333333,436.14666666666665,829.0533333333333,844.6868553654208,5007.4473684210525,-1515.3698630136987,821.8,220.595432451375,1319.393701,0.0,0.0
2023-07-13,1004.5962824996049,3581.8815789473683,442.72,751.3999999999999,518.9687269841747,3894.7733333333326,-1500.4533333333331,386.3133333333333,202.03873088431249,1109.368217,0.0,0.0
2023-07-14,1339.3902407980027,4652.626666666666,445.4210526315789,1109.5972072072072,897.3180416074117,6030.378378378377,-1000.945945945946,717.7369863013698,119.42006100508681,941.3690476,0.0,0.0
2023-07-15,1282.1564043648912,6939.8933333333325,451.5333333333333,935.0066666666665,1032.0245701976937,4374.13698630137,-212.90410958904107,948.44,47.52216378020833,577.438247,0.0,0.0
2023-07-16,1285.9334259317611,5826.76,456.70666666666665,882.2163063063063,462.9609660416588,4191.373333333333,-1505.7837837837835,435.31975637609446,239.0516978024549,1341.904762,0.0,0.0
2023-07-17,1274.2194786288585,7506.945945945948,406.2972972972973,775.446126126126,237.34723376966218,4050.2,-1660.72,395.62,287.69824664027084,1213.328063,0.0,0.0
2023-07-18,1276.592180771753,3881.64,438.0933333333333,1029.4215789473683,487.76055215915363,4034.608108108108,-1507.0263157894735,439.46027027027026,146.13318739969097,1255.222656,0.0,0.0
2023-07-19,1309.8149682083397,5313.52,414.90666666666664,895.9127927927927,1050.4864291967003,6722.36,-1502.92,1087.5700000000002,247.11247714148956,1251.912698,0.0,0.0
2023-07-20,1287.0778082715044,3750.7733333333326,439.34666666666664,937.6399999999999,732.388468037023,4579.573333333333,-1502.3108108108108,902.7763963963962,110.77692530929862,1255.063492,0.0,0.0
2023-07-21,1119.7977921342394,3940.68,422.0933333333333,924.8466666666666,970.832157474147,5045.493333333333,-1524.4225352112676,1242.98,239.1335955366146,1315.055336,0.0,0.0
2023-07-22,1023.4254825161419,5884.0921052631575,554.16,820.7266666666667,575.2041744503009,4346.72,-1504.8,817.6066666666666,168.67593648797222,1451.769841,0.0,0.0
2023-07-23,1232.758478038071,5805.77027027027,433.8533333333333,911.5333333333331,1019.2067561539033,4670.228571428571,-1425.5866666666666,1026.6493150684933,118.6486593553646,1255.521552,0.0,0.0
2023-07-24,1030.3090021929825,3689.8666666666663,467.34666666666664,902.7799999999999,739.9383693545299,6213.6,-1495.0533333333333,743.6619444444444,99.44407069626736,1127.431373,0.0,0.0
2023-07-25,909.9866552078394,2441.2,415.5466666666666,844.4733333333334,500.2791985416369,4308.907894736842,-1544.8333333333333,680.2044444444444,211.47031732502083,1524.603922,0.0,0.0
2023-07-26,1152.6555466815498,3287.4933333333333,523.0933333333332,961.8799999999999,688.3914669753224,4608.92,-1511.2162162162163,900.5927434283598,252.50568393505557,1265.582677,0.0,0.0
2023-07-27,979.9715414186508,3476.1866666666665,412.0933333333333,695.3933333333333,316.65447319366586,4052.44,-1630.36,720.1933333333334,290.9820493535729,1261.106915,0.0,0.0
2023-07-28,864.5090372850528,3124.835,420.33333333333326,737.6333333333332,448.33607387596965,4114.458095238095,-1504.62,441.77230769230766,230.0065870516146,1262.687195,0.0,0.0
2023-07-29,1026.0707302122237,3849.0,471.88,774.3399999999999,518.2703202998777,4687.500952380952,-1502.5823717948715,398.55252747252746,253.2840253938993,1360.705961,0.0,0.0
2023-07-30,1183.9461495535716,4283.973333333332,426.8666666666666,1021.3933333333332,647.9489641984172,4136.866666666667,-1538.8882051282053,534.1808058608058,249.3250134227743,1250.376151,0.0,0.0
2023-07-31,1282.6403835978836,8267.84,465.28,869.4000000000001,672.2907663998809,6125.329523809524,-1529.327619047619,468.74666666666667,184.41191900815278,1342.643008,0.0,0.0
2023-08-01,1004.7355944113756,3022.44,409.4933333333333,981.8099999999998,357.2358519396709,4018.8153846153846,-1532.4266666666665,376.9512820512821,122.1013055659368,1174.734667,0.0,0.0
2023-08-02,1039.0496207679698,4965.613333333333,417.56,819.86,282.31505992558164,3919.9466666666663,-1501.0666666666666,378.76666666666665,226.24921664710425,1251.470543,0.0,0.0
2023-08-03,873.781027539488,3041.6,468.7466666666666,696.4445833333334,303.76323428982283,4026.0819047619048,-1519.4666666666667,358.72032967032965,302.6199848164132,1297.309644,0.0,0.0
2023-08-04,1153.4447490906084,6231.106666666667,409.7333333333333,685.6795238095237,617.5761347583743,4047.093333333333,-1500.307619047619,498.9917948717949,132.20957810369097,1405.086082,0.0,0.0
2023-08-05,1082.513666363536,3404.0,558.72,926.6858333333332,671.4991882741101,4628.306666666666,-1684.0895238095238,809.8199999999999,200.29547484844096,1377.004996,0.0,0.0
2023-08-06,1254.0945676986073,3997.7219047619046,513.88,974.0733333333333,674.5036451472342,4203.133333333333,-1470.0533333333333,493.94999999999993,168.93586700969095,1424.199544,0.0,0.0
2023-08-07,1152.4823644179894,4234.706666666666,662.5466666666666,946.6199999999999,359.3067914377289,4110.854285714286,-1500.3123809523809,444.8133333333333,165.73906352049306,1242.62451,0.0,0.0
2023-08-08,994.5756948578041,3106.04,539.32,899.3533333333332,366.5471299013486,4068.2266666666665,-1536.4666666666667,365.24285714285713,295.42642164770484,1241.272991,0.0,0.0
2023-08-09,793.2486550488251,2108.853333333333,376.9758333333333,779.29125,272.6589385045895,1633.4666666666667,-1534.8166666666666,802.1757142857143,323.2618499743055,1336.984126,0.0,0.0
2023-08-10,708.2750789517196,1856.9466666666665,416.34666666666664,649.7124999999999,1073.777215017814,4936.0,-1498.6590476190477,1196.3794871794871,164.73809182600348,1490.446118,0.0,0.0
2023-08-11,806.4343813381834,1419.3333333333333,450.3066666666666,730.5715476190476,1093.3147272386518,4525.998095238096,-1157.3128205128205,986.6166666666666,134.7318335429757,1026.624612,0.0,0.0
2023-08-12,943.8486958498676,3867.08,407.14666666666665,740.9533333333334,1101.5652439082905,4794.813333333333,-1479.6419047619047,1116.9833333333331,127.01833046780555,1081.96727,0.0,0.0
2023-08-13,2237.5034912367723,5582.2,467.68,2453.8875,838.2094432082192,4325.52,-1500.7066666666667,526.7109523809524,254.66126839867013,1442.590776,0.0,0.0
2023-08-14,1896.5776942791006,5247.586666666666,497.8533333333333,2163.8933333333334,360.0962097711316,3370.1866666666665,-1517.5333333333333,718.5304761904762,281.5660663536042,1425.151249,0.0,0.0
2023-08-15,1331.0982535548942,4099.96,500.9733333333333,941.5799999999999,568.7090170528332,4689.666666666666,-1513.8,763.475,345.063304866,1335.087668,0.0,0.0
2023-08-16,1711.8501165674602,7176.704761904762,463.06666666666666,1055.4066666666668,600.0252757427756,6902.04,-2335.6266666666666,1206.8009523809524,333.07795748694446,1350.573371,0.0,0.0
2023-08-17,1340.8124768518517,3600.32,507.91523809523807,823.04,948.527869425135,4683.653333333333,-1205.88,1090.7414285714285,83.57089580340278,917.6370729,0.0,0.0
2023-08-18,1363.3417190417833,3691.093333333333,452.14666666666665,886.54,521.8953780074092,4037.973333333333,-1369.9133333333332,488.5780952380952,203.43490146165627,1458.893922,0.0,0.0
2023-08-19,2121.1540847996725,5462.12,605.1866666666666,1948.7866666666664,635.309078175875,4315.100952380952,-1211.4266666666665,682.5169963369964,149.1227910306736,1360.090465,0.0,0.0
2023-08-20,1576.5195483740797,4239.666666666666,668.88,1194.0866666666666,86.8032494384306,4054.3333333333326,-1248.207619047619,352.9010868298368,266.12985156165973,1424.397922,0.0,0.0
2023-08-21,1480.1586447890559,3619.44,600.16,1057.62,329.1712445549072,4413.4,-1237.5638095238096,543.4396428571429,215.84433960629167,1417.051529,0.0,0.0
2023-08-22,1678.5886371527777,4069.1333333333328,644.7866666666666,1246.5466666666666,989.0967680930181,4025.893333333333,-1004.8,675.9499999999999,85.29992267711806,934.3239095,0.0,0.0
2023-08-23,1582.8453614287455,3531.4,673.96,1244.6,373.34798489425816,3866.13641025641,-1224.253333333333,461.6,194.8365637770729,1353.855008,0.0,0.0
2023-08-24,1576.0827715773808,4788.453333333333,710.9333333333333,1210.12,77.13810413930206,3947.836923076923,-1614.2119047619049,366.0338095238095,355.16000424148956,1482.558691,0.0,0.0
2023-08-25,1594.8778410218254,3805.5057142857136,626.8133333333333,1232.6062499999998,203.14669408891532,3019.75,-1420.8961904761904,417.6133333333333,288.19065448300694,1341.485777,0.0,0.0
2023-08-26,1750.2810458002646,4746.228333333333,681.84,1302.2333333333333,537.2007899103212,4444.877948717949,-1217.5266666666666,559.3861904761904,160.077760918625,1047.522624,0.0,0.0
2023-08-27,1704.8320242228835,3814.8066666666664,781.64,1412.2333333333331,458.21589104471917,4118.829523809524,-1647.5076923076924,419.4466666666666,269.7430687501562,1317.441134,0.0,0.0
2023-08-28,1638.0245519179891,5383.493333333333,647.1333333333333,1140.9733333333334,201.00841334557202,3805.683333333333,-1227.0041666666666,375.7390476190476,270.26112566801106,1456.487388,0.0,0.0
2023-08-29,1525.4778561420912,3171.56,666.6133333333332,1131.6533333333332,689.0699411655419,4043.2965384615377,-733.5466666666665,491.8666666666666,43.11112394298394,867.3188261,0.0,0.0
2023-08-30,1652.3412003968251,4233.03619047619,651.1066666666667,1182.8628571428571,545.2220158313908,4113.306666666666,-1205.1019047619047,452.87948717948717,125.57771581076041,1267.247725,0.0,0.0
2023-08-31,1636.4991563326719,3409.693333333333,714.16,1173.6799999999998,699.3268206764301,5013.586666666666,-1214.253333333333,514.3090476190476,196.97581511319098,1320.094146,0.0,0.0
2023-09-01,1627.2930964781744,3653.44,653.9066666666666,1162.7866666666666,148.72127227036083,4189.911428571429,-1215.7466666666667,402.95589743589744,302.0676098178368,1459.166053,0.0,0.0
2023-09-02,1222.2708152832893,4080.2666666666664,774.1580952380953,1047.5333333333333,560.7142909701274,4474.188717948718,-1323.6466666666665,481.8727243589743,368.1377580011146,1333.91794,0.0,0.0
2023-09-03,1975.8186413942085,6473.333333333333,753.8,1596.32,362.23358159201905,3348.1066666666666,-1264.16,674.657619047619,387.8699737147917,1437.620779,0.0,0.0
2023-09-04,1519.8501620370369,3238.0133333333333,684.08,1183.6066666666666,573.6342943283568,4532.942857142857,-1268.3971428571429,520.0779487179487,163.78616625936806,1076.241574,0.0,0.0
2023-09-05,1603.3492414847883,4167.625714285714,690.9066666666666,1228.8371428571427,471.01356666385306,4779.573333333333,-1266.49,834.5433333333333,284.6960801906215,1586.384612,0.0,0.0
2023-09-06,1478.6449582506614,3969.600833333333,626.4666666666666,1181.0333333333333,176.20782508964803,4676.6,-2314.2742857142857,416.0333333333333,376.49500647181253,1526.102607,0.0,0.0
2023-09-07,1596.348484710039,5531.613333333333,588.7333333333332,1200.1533333333332,352.6576748656943,4142.4,-1519.4266666666665,572.4501785714285,184.8452594970903,1366.992157,0.0,0.0
2023-09-08,1906.4036669146824,5851.986666666667,628.48,1552.2066666666665,827.3449732414576,4443.751501831502,-1502.1733333333332,632.2271794871795,100.85255464876042,1087.912197,0.0,0.0
2023-09-09,1298.8757506613756,4993.453333333333,640.52,1047.769523809524,314.2332543729419,4607.326666666667,-1545.6933333333332,529.2533333333333,289.62145490118405,1559.878835,0.0,0.0
2023-09-10,1570.2096866732802,5762.213333333333,674.3816666666667,1247.253333333333,404.24156302127653,4288.026666666667,-1509.507619047619,408.75642857142856,186.1482389349132,1288.983669,0.0,0.0
2023-09-11,1484.625763671331,4724.706666666666,641.9866666666667,1131.8666666666668,156.90293818718183,4312.142857142857,-1631.1933333333332,399.7264285714285,315.8329930140209,1484.072455,0.0,0.0
2023-09-12,1203.5651160163138,3800.3466666666664,564.0,1026.253333333333,7.4489848445853415,4491.6580952380955,-1593.2523809523807,425.24428571428575,356.0140664203194,1503.637708,0.0,0.0
2023-09-13,1208.843290757275,3984.9466666666663,549.8666666666667,1037.3533333333332,200.13916851088726,4321.068571428571,-1566.1838095238095,457.87342948717946,335.15924038997224,1344.164254,0.0,0.0
2023-09-14,1194.1189637070104,4588.906666666667,567.7238095238096,838.8333333333333,-135.73236688851273,1545.2933333333333,-1574.424761904762,374.61487179487176,314.0728864089618,1346.105498,0.0,0.0
2023-09-15,1152.5320205026453,3402.4133333333334,548.3619047619048,932.5533333333333,-190.56594568336754,4038.9917948717944,-2358.6866666666665,424.18,377.305923008191,1326.251993,0.0,0.0
2023-09-16,1159.720989996693,3199.6,551.96,998.7466666666666,-294.15147234998796,2425.0133333333333,-2729.04,392.21142857142854,409.733579196132,1409.423319,0.0,0.0
2023-09-17,1295.9672073412698,3699.506666666666,531.3866666666667,1100.19875,-16.85336604078791,2489.88,-2134.1466666666665,466.1671062271062,339.7489119130243,1409.766007,0.0,0.0
2023-09-18,1044.7590137235447,3063.9066666666663,533.0933333333332,828.0799999999999,391.52837419524917,4392.327619047619,-1586.9866666666667,491.8,211.67705559703472,1406.607606,0.0,0.0
2023-09-19,1070.9579665373094,2749.1783333333333,523.4266666666666,883.7466666666667,360.379668402585,4366.08,-1540.3548717948715,651.8552380952381,305.09185555872915,1439.491906,0.0,0.0
2023-09-20,1210.7024797453703,3115.3466666666664,569.7066666666666,927.9599999999998,275.1411469548969,4324.266666666666,-1602.1241025641025,439.2485714285714,186.8960415614514,1485.699473,0.0,0.0
2023-09-21,1304.9879786463196,3315.6266666666666,600.16,994.5814285714287,205.92699499478147,3968.6266666666666,-1534.9466666666665,397.6159090909091,272.35426852939236,1427.362625,0.0,0.0
2023-09-22,1332.0256671626985,5701.613333333333,524.48,999.1133333333332,-145.74419491484596,4580.04,-2273.813333333333,378.20222222222225,395.6137376560104,1534.073161,0.0,0.0
2023-09-23,1223.4353984788359,3470.0,534.6933333333333,936.1157142857141,-37.27124524491712,4350.306666666666,-1739.3933333333332,396.1004761904762,362.4141339536007,1402.581058,0.0,0.01627907
2023-09-24,1205.2981109457671,3367.12,518.64,1039.1066666666666,-168.2234631784111,1856.28,-2377.0314285714285,430.2260714285714,412.5166498572778,1454.248998,0.0,0.0
2023-09-25,1368.9163645006613,4500.72,728.2933333333333,1112.6666666666665,-153.8817180967181,4294.026666666667,-2867.3897435897434,443.32769230769225,391.9383251494132,1425.19853,0.0,0.0
2023-09-26,1347.2109011243385,4397.986666666667,682.4666666666666,996.7199999999998,-106.20783316702587,4043.67619047619,-1565.32,424.88093240093235,383.73673123301387,1402.86126,0.0,0.0
2023-09-27,1419.0863405257935,4755.1466666666665,582.4133333333333,1068.3066666666666,104.3135907148407,4611.863333333333,-1585.5285714285715,425.2447115384615,305.3589658045937,1533.248062,0.0,0.0
2023-09-28,1530.641986193783,5236.72,718.08,1364.56,-156.09247174122174,4155.493333333333,-2368.0133333333333,446.85999999999996,414.8959066232153,1404.803212,0.0,0.6309669910000001
2023-09-29,1778.8446722056879,4769.429166666667,584.8933333333333,1364.8533333333332,-320.09346809247853,1944.6533333333332,-2637.813333333333,439.0657142857143,409.83406675911806,1424.712006,0.0,0.316981827
2023-09-30,1532.5054480820104,4154.44,639.48,1319.0666666666666,-110.53334789342601,1580.68,-2442.4133333333334,521.0184615384616,420.2136179966146,1438.676058,0.0,0.02
2023-10-01,1516.1806416559677,5011.08,648.2266666666667,1179.78,14.912910446035447,4310.23,-2542.04,439.62666666666667,387.22229766648263,1601.319481,0.0,4.929676822499999
2023-10-02,1364.0130191798942,6469.4,558.4,1009.997619047619,11.54653398877358,4450.947619047619,-2805.12,533.22,350.8033781086458,1524.073593,0.0,0.0
2023-10-03,1662.0144357638887,5150.746666666666,602.72,1298.6399999999999,610.1675828328694,4460.199047619048,-293.32761904761907,507.5633333333333,31.11241964039236,221.2364851,0.0,0.0
2023-10-04,1788.375968501984,3798.933333333333,648.9866666666667,1470.6533333333332,270.2602759884791,4456.386666666666,-1549.7466666666667,447.2108928571428,161.56880539366318,1030.834632,0.0,12.69208704
2023-10-05,1234.8790651179452,5168.08,568.4133333333333,953.3685714285714,493.84937005566604,4828.1466666666665,-1527.68,660.4772027972028,188.8166324684236,1293.479614,0.0,0.0
2023-10-06,1111.8888285383596,3056.9466666666663,597.5308333333332,1124.5961904761903,-194.52848699333072,1688.4,-2566.5866666666666,478.28761904761905,416.46746914072224,1550.997134,0.0,0.201656587
2023-10-07,1218.7657366071428,2381.28,691.9466666666666,1171.8857142857141,-9.750507444908486,3307.5169230769234,-1854.3333333333333,452.4790476190476,302.0686438879757,1331.494574,0.0,3.6187657305
2023-10-08,1108.992323028094,2153.1066666666666,557.1761904761905,1076.7133333333331,-1.9413424486697464,4540.3708333333325,-2140.17,444.4133333333333,400.00390002210764,1523.709161,0.0,3.7671731084999998
2023-10-09,1262.6213034611992,3257.5733333333333,632.7190476190476,1132.9504761904761,-245.95230046284735,1559.9466666666665,-2393.8751515151516,439.8266666666666,408.10052391820136,1578.530157,0.0,14.63395555
2023-10-10,938.441572420635,1865.3066666666664,475.95047619047614,894.2933333333333,-161.36737331823267,4430.922051282051,-2394.373333333333,452.0013415750916,454.28796460012154,1489.529437,0.0,19.216412464999998
2023-10-11,997.5673426752645,3448.9466666666663,473.0933333333333,791.0466666666666,-88.36429281559491,1879.3466666666664,-2544.0666666666666,477.18,364.4100196448125,1441.195887,0.0,0.10783972150000001
2023-10-12,920.6920461309523,2411.341904761905,425.22666666666663,828.0825,312.99680498899244,4450.281904761905,-1601.5333333333333,458.9466666666666,170.61141235609722,1506.529397,0.0,4.9141925905
2023-10-13,2208.3234222056876,4495.826666666667,566.6533333333333,2553.9266666666667,150.70289217052238,4411.704615384615,-1839.6,449.1438095238095,202.3238607105,1405.061118,0.0,2.5926958795
2023-10-14,1840.5133924924137,4634.426666666666,596.5866666666666,1446.3733333333332,243.23491856132023,4479.8,-1716.5066666666667,464.65025641025636,278.42685994911807,1551.194802,0.0,37.473211125000006
2023-10-15,1915.2234362599204,5840.666666666666,487.76,1513.12,839.027428001204,4882.973333333332,-1686.9733333333331,912.2036363636364,213.5526588533993,1319.345067,0.0,13.529461170000001
2023-10-16,2019.220892030423,6516.386666666666,569.32,1970.6066666666666,36.70604077346266,3951.88,-2444.4933333333333,429.90452380952377,395.9458663044305,1604.514935,0.0,32.59349391
2023-10-17,1449.7629848710317,4522.333333333333,504.82666666666665,1029.1933333333332,-406.28775477127033,4648.653333333333,-2789.24,326.3066666666666,464.6172060485417,1477.557873,0.0,25.23664399
2023-10-18,1356.6799334055625,4634.413333333333,480.1066666666666,945.2866666666665,-120.86790113435947,4184.586666666666,-2980.024761904762,434.76714285714286,458.75082235131254,1482.880555,0.0,21.369663785
2023-10-19,1580.6142824074075,7297.727777777777,559.6944444444445,1217.5916666666667,-416.19578803480204,949.2222222222223,-2910.088888888889,368.3361111111111,427.2905014222361,1451.272619,0.0,26.01190476
2023-10-20,1570.0476851851852,4061.938888888889,593.4111111111112,1187.7055555555553,-318.29436438568086,1070.6111111111113,-3008.383333333333,432.2361111111111,354.05989413412846,1557.200992,0.0,0.0
2023-10-21,1840.995630787037,5857.861111111111,690.6,1588.775,246.69062867430927,4422.6611111111115,-1639.8444444444444,434.5176245210728,188.74942791059027,1222.43869,0.0,1.778968254
2023-10-22,1856.494486882716,6251.327777777778,697.6111111111111,1576.5138888888887,368.8070892153956,4353.927777777778,-1612.7388888888888,422.9583333333333,154.28497744824304,962.3833333,0.0,15.617063495
2023-10-23,1512.063148148148,3409.5666666666666,692.2722222222222,1213.490277777778,255.07443939860428,4611.011111111111,-1626.3055555555557,430.9555555555556,251.5331204527986,1326.803175,0.0,14.038194445
2023-10-24,1463.6929263117283,3572.5944444444444,616.0444444444445,1127.5277777777778,-174.7925672683665,1420.55,-1629.2666666666667,370.5138888888889,364.7571775323924,1587.661905,0.0,39.16676587
2023-10-25,1922.555815972222,7700.8,686.8,1623.572222222222,74.00465058269477,4353.986111111111,-2026.55,410.77777777777777,282.6329157902153,1606.609325,0.0,35.908948415
2023-10-26,1579.821821887677,3997.1621621621616,678.84,1225.6736036036036,-246.68088571214477,4445.413333333333,-2218.1066666666666,344.61486486486484,385.77473798095485,1589.87907,0.0,42.94878262
2023-10-27,1583.678036951425,4227.533333333333,612.8,1241.1165765765766,-478.99394410419075,1593.109589041096,-3000.0,419.9,471.831970913309,1511.878505,0.0,59.65326867
2023-10-28,1553.1614889889888,3351.0,900.8684210526317,1157.12,-359.1043264842818,3987.6266666666666,-2401.6891891891887,239.85135135135138,380.18280467639585,1603.869767,0.0,46.881663205
2023-10-29,1322.0002655519768,5750.346666666666,692.0933333333332,1056.2906306306304,-172.2207316899644,4162.479452054795,-2299.581081081081,424.79473684210524,444.99567836928475,1459.065728,0.0,41.75246808
2023-10-30,1078.7307991873452,3921.2933333333326,659.84,896.3599999999999,-136.6017385071844,4128.12,-2055.0,344.3666666666667,299.20592149325,1601.839623,0.0,42.630451955
2023-10-31,1039.4491007619463,4007.527027027027,615.6266666666667,989.1393693693692,-4.846089638008853,4475.647887323944,-1942.0704225352113,421.2440182648402,262.29164385691666,1602.638498,0.0,35.227758805
2023-11-01,1074.1139610479413,3883.08,610.3466666666667,926.5066666666665,-128.11351923807763,4197.053333333332,-1692.3378378378377,399.25694444444446,254.10822205944098,1059.737089,0.0,36.36403167
2023-11-02,1121.2373718949211,3191.04,660.8533333333332,1004.3399999999999,-55.19103108662418,4416.148648648649,-2253.333333333333,421.8033333333333,334.7748256909618,1556.696262,0.0,28.0187572
2023-11-03,1080.2937432333647,1910.84,607.0540540540541,999.4466666666665,-172.51717768572243,1802.9333333333332,-1787.0405405405404,428.0162557077625,327.3499303968056,1480.267606,0.0,27.539719625
2023-11-04,2062.4867610208894,3723.84,681.24,2538.833333333333,-80.55958647363073,4556.6301369863,-1701.5205479452054,322.0505405405405,465.6943695471389,1584.629108,0.0,49.30744592
2023-11-05,1500.02590295888,3711.3466666666664,689.4,1223.2152631578947,-233.0847587990405,4394.693333333333,-2418.702702702703,318.96,452.1566229174861,1452.981308,0.0,55.383900625
2023-11-06,1484.197600791581,5144.706666666666,629.96,1263.5133333333333,-328.2190284496977,1907.04,-2736.6891891891887,418.1733333333333,419.42286938641666,1576.948598,0.0,53.43418064
2023-11-07,1494.8871060412264,5941.04,714.4266666666666,1118.1133333333332,-104.42043613172082,2225.6986301369866,-2324.84,424.97999999999996,375.2082276558889,1584.084507,0.0,20.941284505
2023-11-08,1347.1614542996945,4963.573333333333,646.16,1029.9666666666667,30.097820638324077,4116.4729729729725,-2328.2222222222226,413.0589596445761,230.32597592532636,1539.345794,0.0,36.776668115
2023-11-09,1286.599355161082,3363.506666666666,610.0133333333333,992.0030630630629,-425.555126606476,4134.067567567568,-2543.72,121.55333333333333,400.4149359468507,1490.287037,0.0,53.22196262
2023-11-10,1349.0988362869448,3881.855263157895,662.0133333333333,999.4421052631578,-416.55001781270505,1526.225352112676,-2855.1066666666666,432.8716216216216,418.59262911697226,1398.274419,0.0,69.14336718
2023-11-11,1833.4637991774669,5920.64,666.7866666666666,1547.58,-215.40568034805904,3980.0416666666665,-1833.56,339.8214414414414,363.058542789816,1521.286385,0.0,111.14094285
2023-11-12,1648.4263682926348,4035.573333333333,690.0270270270271,1257.9418018018018,-406.675411923464,2858.0666666666666,-2878.5333333333333,365.68495495495495,442.90009543149995,1572.028169,0.0,66.131455395
2023-11-13,1596.8987748768504,5320.44,736.2666666666665,1116.7333333333331,-417.03340422441784,4389.652777777777,-4546.027397260274,519.6504998148835,428.2007927185278,1507.247664,0.0,56.49188185
2023-11-14,1502.0125820886676,3491.4736842105262,712.52,1123.8199999999997,-174.90615362261266,3940.131578947368,-1622.8266666666666,360.1506849315069,244.9160583870625,1490.262673,0.0,63.98858402
2023-11-15,1605.319060603287,3736.7631578947367,655.88,1205.2266666666665,-414.2634437113461,1808.0945945945944,-2685.310810810811,235.46792792792792,430.5548159414653,1551.462617,0.0,47.211399235
2023-11-16,1643.4059787688407,3414.2266666666665,595.9333333333333,1296.4666666666667,-288.7107843756822,4059.2266666666665,-2438.1805555555557,91.59216216216217,342.200219218375,1584.29108,0.0,100.00861769
2023-11-17,1497.029566869501,3834.1333333333328,714.56,1080.7908108108109,-249.68224089536292,4237.232876712329,-2056.693333333333,399.83117117117115,337.636392938434,1482.771028,0.0,72.181395345
2023-11-18,1596.6769767135556,3658.6933333333327,703.7333333333332,1282.3576315789473,-518.4675728127584,3972.2297297297296,-2932.56,204.57105263157894,483.2335670887153,1492.370892,0.0,97.12373621500001
2023-11-19,1381.9980858695865,4493.986666666667,690.0266666666666,1088.5333333333333,-89.99201238284094,4420.383561643836,-2560.0416666666665,379.10792299148466,387.4703731454271,1472.99061,0.0,54.56744186
2023-11-20,1456.1212772220088,5110.151898734177,719.1466666666666,1107.5466666666666,-110.54957239896156,1409.6,-1766.8266666666666,306.1171171171171,275.20550263087847,1468.802817,0.0,60.639781055
2023-11-21,1334.9782728287496,3649.32,679.08,982.7333333333331,-258.87181013864307,4280.105263157895,-1708.7466666666667,97.59592691282832,364.5110259755347,1575.742991,0.0,85.37614649
2023-11-22,1444.4248733437385,3605.053333333333,736.6621621621621,1196.5847747747748,-317.92342972726306,4109.293333333333,-3004.5333333333333,380.2347747747747,434.873192656375,1516.682243,0.0,75.28738318
2023-11-23,1491.0874498511669,7225.52,617.2933333333333,1019.3799999999999,-434.98056920123315,2242.810810810811,-2528.733333333333,274.25,394.6869518678958,1573.181395,0.0,89.58920187999999
2023-11-24,1707.3408865773667,4890.24,732.0131578947368,1436.56,-60.10195683929846,1173.7733333333333,-1880.328767123288,372.86,218.51097495575348,1579.915493,0.0,5.7404234315
2023-11-25,1426.1204829665191,3522.693333333333,663.6,1091.7466666666664,-109.10463331945385,2852.026666666666,-2015.9459459459456,378.8333333333333,245.1474466202118,1538.856481,0.0,14.219626170000002
2023-11-26,1515.1776682768295,3536.986666666666,625.7733333333333,1153.5066666666667,59.12855623032944,4163.16,-2006.0533333333333,305.15272121436504,206.1085148992882,1534.635514,0.0,38.25188415
2023-11-27,1440.290474339471,3910.96,640.9066666666666,1084.86,63.00312347828807,4390.835616438356,-2047.9333333333332,384.73830409356725,348.06684309507636,1541.359813,0.0,40.722862094999996
2023-11-28,1379.933523124432,3503.675675675676,647.3866666666667,1050.6756756756756,-168.1422423965947,4095.6571428571433,-2313.1466666666665,335.4466666666666,335.22326358730555,1598.394366,0.0,45.27063863
2023-11-29,987.1396700108666,3450.4533333333334,582.2533333333333,844.3740540540541,161.24433491169157,4512.026666666667,-1603.3378378378377,403.287397260274,162.9016571828125,899.2159624,0.0,35.78383442
2023-11-30,1009.3953355721765,3796.0135135135138,464.1733333333333,876.3666666666666,33.86997298086549,4384.189189189189,-1609.3287671232877,304.25435024065166,185.39039822384026,875.9672897,0.0,64.22008259
2023-12-01,1037.6598441317683,2107.0666666666666,590.4666666666666,966.2133333333333,278.29380919104057,4395.756756756757,-1627.9066666666665,420.71999999999997,261.766094233691,1529.023585,0.0,26.690697675
2023-12-02,1063.2998967363112,3136.3066666666664,671.8666666666667,1004.6466666666665,388.8466121097836,4567.693333333333,-1605.24,398.5709922251018,164.27490814471875,1187.116279,0.0,65.03119078
2023-12-03,1077.4247027357096,2667.56,591.76,998.3650877192981,-150.02796638104604,4141.486111111111,-1709.1733333333332,330.58607922991484,447.1656363390764,1568.443925,0.0,116.03273345
2023-12-04,1231.413288205969,5303.64,587.7105263157895,967.1872972972973,-351.5542973555309,2523.986666666666,-2504.32,306.02666666666664,441.7196624353403,1514.873832,0.0,69.75531211500001
2023-12-05,1410.6326113119696,3481.213333333333,572.9866666666667,1180.34,-273.8769741880549,4097.986301369863,-2533.4594594594596,70.44109589041096,388.47638377709376,1591.511628,0.0,85.9993045
2023-12-06,796.8043805384615,1956.9466666666665,536.16,739.9066666666665,-312.7474705523579,2273.2816901408446,-2953.4027777777774,334.4363963963964,441.7016749912014,1478.713615,0.0,124.94418605000001
2023-12-07,1032.6458782025904,3928.5,462.1842105263158,785.5266666666666,-310.8771337550495,1055.0266666666666,-2621.4266666666663,363.4920175438597,331.0803133298125,1595.376744,0.0,36.078923695
2023-12-08,1076.4838394302703,3048.9066666666663,504.24,826.3537837837837,-29.389657266659306,1444.8,-2500.0273972602736,427.41675675675674,277.6446356037743,1546.874419,0.0,32.072890615
2023-12-09,982.3221929223738,2224.5333333333333,629.3066666666666,936.5199999999998,615.0849790364042,4352.533333333333,-926.72,404.0424964438122,79.53635143900695,482.9166667,0.0,17.144135845
2023-12-10,1169.3216036266529,4057.7066666666665,597.76,987.0333333333333,361.96149421122175,4495.253333333333,-1604.5866666666666,478.58666666666664,138.95498150734028,768.3632075,0.0,13.357476635000001
2023-12-11,1095.4705468585362,5420.52,628.2133333333333,941.2533333333333,478.8127743253725,4609.04,-1606.9473684210525,425.2945045045045,130.13239203205208,1139.174528,0.0,39.072136695
2023-12-12,1068.1164905859807,2464.32,595.8,825.0144144144143,-33.15342496500004,1777.013333333333,-2034.783783783784,420.3934234234234,348.020154218368,1420.152778,0.0,81.906103285
2023-12-13,1743.8676731007322,4867.84,598.48,992.2,146.39333891872477,4299.0,-1724.28,403.4598455598456,208.2796216876007,1553.384977,0.0,66.05311714999999
2023-12-14,1016.5069830027395,3508.4666666666662,592.08,786.3466666666666,-109.18360164872772,4211.540540540541,-1933.52,397.97536149162863,308.2882046518819,1604.42723,0.0,71.282633495
2023-12-15,960.9662578985769,2159.6,596.8133333333333,930.2443859649122,-427.2271123633261,1395.2631578947369,-2398.410958904109,-103.08055180397452,400.9960698882743,1587.542453,0.0,126.02134319999999
2023-12-16,978.1315230526579,1507.8,535.3066666666666,1012.14,-140.58072736571748,4030.6666666666665,-1947.0266666666664,222.07210526315788,267.9807541810417,1465.509434,0.0,70.06976743999999
2023-12-17,986.1127700233127,3706.56,538.2432432432432,914.9266666666665,-400.40746959354493,1755.7222222222222,-3004.04,233.54461567732116,436.59787386790975,1449.803738,0.0,89.93396226499999
2023-12-18,1148.699074452742,3075.133333333333,646.7866666666666,923.051386913229,499.7126264309488,4376.2,-1204.48,422.4704761904762,91.5928155862361,470.8851675,0.0,22.721665205
2023-12-19,939.8263261122964,2532.4533333333334,608.6266666666667,893.4000000000001,-222.53246698991512,4198.866666666667,-1964.8533333333332,113.45617760617759,352.8321520779514,1589.342723,0.0,138.66481199999998
2023-12-20,1119.3051094186292,4061.7466666666664,629.64,884.8799999999999,-548.5285178583216,2048.945205479452,-4084.04,268.64567567567565,470.3521094038299,1604.196262,0.0,63.743692685
2023-12-21,1046.2462913631903,3219.9333333333334,637.5066666666667,965.6733333333333,-810.3303270655636,2242.773333333333,-4776.702702702703,161.6965169394747,491.45539679890277,1536.911628,0.0,66.35352997999999
2023-12-22,989.537275630894,3579.4054054054054,595.8133333333333,912.1533333333332,-623.2808128585041,4295.698630136985,-3467.693333333333,89.67724916697519,494.62256521014933,1503.981132,0.0,79.542056075
2023-12-23,981.2239963647858,2767.04,586.1333333333333,861.1933333333333,-476.41720285316364,1469.76,-2698.773333333333,0.8845797852647168,478.1345880857222,1477.814815,0.0,132.58052944999997
2023-12-24,1161.4876528666823,5030.946666666667,462.04054054054046,870.6733333333333,464.1858056361899,4344.613333333333,-2594.2666666666664,643.4,282.58363100276387,1506.981308,0.0,16.30140187
2023-12-25,713.9988805417258,2177.702702702703,452.6351351351351,682.3666666666666,778.7996498509417,4478.027397260274,-1606.8133333333333,552.8733333333332,132.2845667327257,933.2697674,0.0,34.456107364999994
2023-12-26,675.455019328539,1020.48,455.9333333333333,654.4876576576576,-258.9928391650915,895.2191780821917,-2176.205882352941,216.44594594594594,309.4082747665451,1546.042254,0.0,63.39087155
2023-12-27,686.51135284956,1569.0666666666666,455.89333333333326,645.6999999999999,-668.1072089259171,1056.88,-3501.0921052631575,272.7704109589041,434.2357894069271,1435.116279,0.0,57.260453115000004
2023-12-28,829.2454194161267,2774.8666666666663,460.9866666666666,714.9995614035088,-455.84535928922224,1563.16,-3107.5733333333333,-103.37661971830985,309.0939064725729,1581.962441,0.0,116.2512734
2023-12-29,828.4611237388704,1738.0,507.69333333333327,843.6533333333332,-525.9744852803675,2685.3783783783783,-3268.52,25.997027027027027,463.8205348758611,1510.42723,0.0,116.2355279
2023-12-30,667.5142776227007,1478.88,461.4133333333333,651.8666666666666,-230.73519014548688,4342.932432432432,-1956.1866666666665,21.354144144144144,286.24129766870834,1218.483721,0.0,90.120957225
2023-12-31,699.4466636743189,1550.76,462.01333333333326,661.0266666666666,-589.8823568884784,1089.3866666666665,-3147.253333333333,-138.89523809523808,489.0078951219583,1511.902326,0.0,94.44131455499999
2024-01-01,803.110213371266,2756.0533333333333,461.02666666666664,750.1533333333333,-730.5297619205735,1468.9605263157894,-4764.106666666667,378.37045045045045,454.29343721034724,1495.742991,0.0,102.93392904999999
2024-01-02,770.3202733654707,2330.1184210526317,458.52,659.0666666666666,448.45883562833205,4262.573333333333,-1630.9733333333331,569.9066666666666,166.72424191060765,1417.286385,0.0,0.0
2024-01-03,912.1056218554081,4326.093333333333,523.5333333333333,752.6137719298246,106.03895803932785,2558.773333333333,-1723.5066666666667,421.3952252252252,260.09397277295136,1310.521127,0.0,60.830319495
2024-01-04,796.9306638558201,2364.4133333333334,462.3725,724.8533333333332,-186.2155867251961,1859.8133333333333,-1630.0723809523809,345.2423809523809,342.5620659037014,1501.567692,0.0,60.232276080000005
2024-01-05,1043.012900132275,3000.56,461.8780952380952,672.5666666666666,-423.56481361231357,1642.5166666666667,-2794.773333333333,264.44047619047615,429.07462685459376,1554.603427,0.0,77.0188715
2024-01-06,948.9542757936508,3245.32,469.78666666666663,723.9457142857143,-156.07850002428125,2280.693333333333,-2755.36,601.02,348.9903095453993,1457.563269,0.0,88.148917505
2024-01-07,849.0293556844224,5669.053333333332,479.2533333333333,735.0,511.6804041907166,4346.612307692308,-882.8171428571427,552.7119696969697,72.15767332843751,406.6688312,0.0,16.32476372
2024-01-11,767.8596995947315,2880.9066666666663,486.14666666666665,664.6133333333332,-918.5145191536859,1224.1333333333332,-4643.901904761905,20.313333333333333,487.5729650586042,1489.25303,0.0,90.15421826
2024-01-12,1254.0509445271164,3470.133333333333,461.9333333333333,750.62,-325.3122424976457,1983.9333333333332,-3500.3466666666664,383.0841025641026,401.063022374125,1491.761854,0.0,59.40046814
2024-01-13,788.4233912037037,3121.4266666666663,465.82666666666665,695.6066666666666,-22.579259987697487,5443.1466666666665,-1866.7636630036632,245.42666666666668,225.75061549289933,1116.964824,0.0,92.56656398000001
2024-01-14,698.3328000992063,1893.6066666666663,478.44,610.22,-363.0959925751332,2799.986666666666,-2965.943333333333,269.9357142857143,416.2531710773438,1563.040708,0.0,70.19188582000001
2024-01-15,732.7321226025132,2906.733333333333,503.58666666666664,615.2591666666667,-119.62080533182095,3328.68,-3219.0,437.6838095238095,461.5398957395347,1406.064784,0.0,52.426052049999996
2024-01-16,1131.9368675595238,3755.64,457.13333333333327,669.22,4.425483576030452,2066.253333333333,-2316.04,557.2533333333333,402.2699109932674,1485.431813,0.0,0.29357266849999997
2024-01-17,674.4014136904761,1453.8833333333332,457.64,675.8714285714286,404.1973776435755,4751.253333333333,-1653.1066666666666,480.17384615384617,232.74336142130207,1518.38135,0.0,78.234551495
2024-01-18,701.2439314649471,1559.9333333333332,455.7228571428571,654.2533333333333,-104.15498931623932,4034.2828571428568,-2264.058388278388,378.14285714285717,370.4718980638785,1599.141175,0.0,80.86279757
2024-01-19,683.0229484953703,1150.04,479.52,655.0158333333334,-190.49075453770766,1893.4266666666665,-2784.853333333333,172.02666666666664,242.38785517014932,1281.88881,0.0,112.93362665000001
2024-01-20,729.6059825562169,1767.56,452.46666666666664,674.49125,-151.82430890386618,4110.430476190476,-1896.7057142857143,363.54541666666665,338.7218101209757,1560.947143,0.0,52.741701905
2024-01-21,654.3558862433862,1142.8266666666666,466.24,636.4445833333333,244.75895427778238,3961.8666666666663,-1648.3466666666666,416.25333333333333,227.78890620945833,1441.059624,0.0,84.785971005
2024-01-22,666.9229532624121,1782.44,456.32,610.1199999999999,-475.49100292936225,4170.84,-2663.8266666666664,-55.102564102564095,423.7168889350278,1604.604762,0.0,107.91601229
2024-01-23,599.4026186342593,2931.457142857143,385.6191666666666,513.9266666666666,-320.40619435252245,2579.5161904761903,-3318.293333333333,486.997619047619,443.9173539482465,1504.892565,0.0,70.78620845
2024-01-24,742.8233440806878,2722.7066666666665,441.5533333333333,583.9200000000001,-373.4880999864333,3832.4666666666662,-3229.5714285714284,362.03999999999996,369.22619450622915,1516.617165,0.0,63.689091975
2024-01-25,503.46231447124296,802.9019047619047,392.26666666666665,454.5333333333333,185.01849728685664,4184.973333333332,-1615.92,425.4069597069597,167.32232326573612,1201.734848,0.0,30.16704671
2024-01-27,737.0281737779763,2158.52,378.2,639.2133333333333,-89.40427154153717,2044.7628571428568,-2535.8047619047616,399.78714285714284,372.3450602415903,1606.453066,0.0,50.97742245
2024-01-28,905.3218167162698,2994.76,487.12,795.7333333333333,-355.45469244586434,2415.0766666666664,-2662.293333333333,237.7564835164835,446.74320266319796,1579.553543,0.0,89.702330155
2024-01-29,944.954284887566,4424.2266666666665,463.2,774.5,-606.7437478724978,2080.2114285714283,-3423.333333333333,372.86238095238093,460.5984342297674,1436.577922,0.0,71.159055675
2024-01-30,1461.923523065476,3608.973333333333,501.52,1007.7266666666666,-115.97840098077079,2351.830476190476,-3213.8171428571427,408.1014285714286,434.5566020555173,1473.213103,0.0,72.199658075
2024-01-31,877.6049053406084,3527.0666666666666,494.69333333333327,779.3599999999999,-500.047934834263,4326.655238095238,-3454.740512820513,44.989999999999995,441.8626112578646,1606.476412,0.0,72.251560455
2024-02-01,746.1681796607531,2094.9333333333334,457.01666666666665,676.9266666666666,-579.3513274977337,1887.819047619048,-3470.92,66.05,438.24265699717705,1525.764392,0.0,46.799009685
2024-02-02,1060.5089048721338,3541.853333333333,501.76,842.6666666666666,-746.9443941340295,1946.279047619048,-4334.613333333333,174.41750000000002,478.57614311281253,1532.631679,0.0,49.547505785
2024-02-03,1372.955265376984,2897.203809523809,510.8133333333333,1140.8320833333332,-569.0612911914474,2843.653333333333,-3510.834871794872,362.67523809523806,456.42778663130554,1409.03739,0.0,44.92976878
2024-02-04,1916.918291305736,5394.92,574.88,1375.3720833333332,-179.86310163505476,3330.52,-3335.293333333333,570.16,400.20930186073264,1459.563879,0.0,4.1210460085
2024-02-05,864.7477542162698,3885.986666666666,452.58666666666664,675.7370833333333,238.52006629944128,4347.96,-1655.9685714285713,434.4947619047619,149.71779368238887,1134.956478,0.0,38.92375237
2024-02-06,858.8168522652117,3069.96,525.4933333333332,783.3399999999999,-472.57945384187565,2075.568461538461,-3034.9657142857145,94.52664682539681,491.18961570245483,1529.550866,0.0,91.007696565
2024-02-07,853.7970829199735,2388.2266666666665,505.77333333333326,709.78,-799.8913110173006,1868.575,-4402.234920634921,217.6671717171717,472.3712963643299,1531.240693,0.0,68.58865717
2024-02-08,1239.0546536044974,4787.493333333333,510.06666666666666,769.2533333333333,-741.1738756488496,1896.0826923076925,-4385.567857142857,288.1368006993007,449.9599531281979,1538.38355,0.0,61.860490285
2024-02-09,775.3445026680262,1771.7333333333331,476.38666666666666,688.8466666666666,-405.75712508267196,4150.361428571428,-3861.32,165.43956349206348,404.3756408991007,1592.278843,0.0,65.78084164
2024-02-10,1218.2168196097882,5989.16,461.9733333333333,911.9466666666665,-470.40026117497473,2710.8611111111113,-3351.826753246753,290.69835858585856,451.3007281786146,1444.313767,0.0,37.323812165
2024-02-11,1855.9333544146825,6139.68,483.34666666666664,1387.2399999999998,415.34499597720946,4107.673589743589,-1607.8262626262626,490.68473387723384,439.31414216975696,1507.388432,0.0,34.781435615
2024-02-12,1797.4703530092593,5010.88,524.6,1330.38,-248.79397107522107,4145.181547619048,-2399.1642857142856,346.94469696969696,429.7575297272708,1428.266724,0.0,35.949904355
2024-02-13,1343.7068893295955,3631.56,404.82666666666665,668.2933333333333,6.92421902942736,1728.0055944055944,-1659.3528571428571,400.5354603729604,313.5491546119861,1549.140245,0.0,19.472240489999997
2024-02-14,890.7846618716931,5415.746666666666,442.8533333333333,694.9885714285714,-488.41665961642525,4121.484523809524,-3169.603333333333,124.71359473859474,425.5391594667951,1604.90753,0.0,40.801736635
2024-02-15,958.9725615906084,5970.546666666666,504.32,768.5066666666667,-442.10700796888295,4089.7057936507936,-3502.9566666666665,353.95307026307023,424.99350590693405,1524.393925,0.0,37.14189318
2024-02-16,794.1260689484127,1712.744761904762,519.5733333333333,708.9466666666667,-559.0497785143098,1880.7782539682537,-3490.157142857143,396.3344841269841,424.55741976234026,1595.683791,0.0,30.51141095
2024-02-17,1148.2482981977512,3887.72,455.18666666666667,766.3,-403.2725540528144,1930.7605555555556,-3458.291774891775,432.8193055555555,398.7468008372813,1601.819637,0.0,21.005081115
2024-02-18,1331.332150370565,5550.626666666666,500.50666666666666,1016.9066666666665,-283.2611555814941,1840.6083333333331,-2701.438247863248,470.01124014874017,385.4150178056875,1486.907782,0.0,21.905044895
2024-02-19,820.787892278439,1852.2133333333331,502.33333333333326,732.8666666666666,-377.0606123245967,1919.946031746032,-2969.625952380952,356.55555555555554,418.36261632299306,1577.59245,0.0,50.203435515
2024-02-20,1179.2686833112873,5960.16,503.26666666666665,764.2266666666666,-243.2459161768016,2482.273595848596,-2775.8016666666663,484.61952020202017,402.3091808966667,1463.475244,0.0,45.19821585
2024-02-21,1801.392657903439,3838.7733333333326,508.06666666666666,1335.4666666666667,63.07983533152804,2279.0177777777776,-2911.582619047619,736.6823015873015,396.45823307412843,1444.900621,0.0,40.29991191
2024-02-22,2137.1218697641093,5322.1466666666665,562.3733333333333,1393.06,80.98092559832143,2214.0636363636363,-2881.0111111111114,693.116688866689,328.67389190768404,1487.356811,0.0,39.681644520000006
2024-02-23,1260.2641162367725,5012.546666666666,512.1333333333333,1004.3266666666666,-73.3051261142407,1986.7121212121208,-2080.895238095238,481.2495215895216,227.703149826,1271.309307,0.0,7.313203463000001
2024-02-24,1534.2971573247353,3351.893333333333,519.0266666666666,1223.9962500000001,-77.33703990935761,2959.1027777777776,-1758.596818181818,477.38099206349204,421.9948605641181,1593.29919,0.0,38.218262355
2024-02-25,1396.8183920304232,4769.8,631.04,909.1466666666665,343.3833545370524,3979.301825396825,-1715.8222222222223,525.6250162337662,336.34746279409023,1527.938981,0.0,6.985434914000001
2024-02-26,931.9184775958994,3221.539047619048,502.92,818.3033333333333,-258.08920797181213,1430.3166666666666,-3888.0,467.9993253968254,377.2311217750347,1506.424107,0.0,22.992076915
2024-02-27,1145.560011574074,3586.3066666666664,585.6,810.9266666666666,-291.1799260028166,1095.1504273504272,-2543.345476190476,465.8903296703297,412.35350136972914,1402.132135,0.0,16.64438488
2024-02-28,2090.0457428075397,7847.746666666666,532.9333333333333,1482.424761904762,289.58356313150585,1772.4984126984125,-1605.7912698412697,578.758538961039,195.14986062098612,1371.310047,0.0,14.957529964999999
2024-02-29,1258.4095683244059,3425.6666666666665,572.4133333333333,903.98,-188.01522229121187,1060.687222222222,-2075.8203463203463,385.2753396603397,352.0489947676354,1568.424333,0.0,26.717230445
2024-03-01,1509.6088603670635,4418.266666666666,580.9485714285713,1025.44,-322.2731309569417,1867.7676190476193,-2784.0666666666666,492.76411255411256,405.1397721345764,1410.290673,0.0,12.907251085
2024-03-02,1252.357402894072,4329.573333333333,559.5733333333333,951.2599999999998,-358.68838357085417,4324.6180952380955,-3312.4133333333334,489.31333333333333,419.68758941647917,1541.439762,0.0,27.3807805
2024-03-03,1224.9945453042328,4166.066666666667,562.6266666666667,872.92,166.60001192865775,3908.2666666666664,-1647.5333333333333,496.1933333333333,274.07653709257636,1604.266017,0.0,6.8320961415
2024-03-04,1324.3143617724866,3746.24,518.1466666666666,930.2333333333333,-285.78238170105357,2584.0133333333333,-2788.6925,461.12714285714287,453.3092974640764,1473.086032,0.0,18.605909089999997
2024-03-05,1181.5162884667757,4674.013333333332,600.7466666666667,804.6133333333332,-284.06776038129897,1906.5733333333333,-2398.117575757576,427.9790476190476,428.7782149129514,1416.188236,0.0,14.549491595000001
2024-03-06,1303.6744303902115,3953.48,528.2133333333333,812.9466666666667,-125.77526308539635,4334.399166666666,-2666.28,434.1575,326.5100730197465,1569.002029,0.0,12.104263565
2024-03-07,1126.7485090112432,4526.08,518.0641666666667,807.5016666666667,-367.8737455562548,1890.1523809523808,-2984.5076190476193,433.4338095238095,420.4863677674583,1570.343401,0.0,7.0475933885
2024-03-08,1486.5109246858465,5316.56,583.7016666666666,999.6087499999999,-366.6799575337857,998.7866666666665,-2898.1066666666666,426.91758241758237,416.42546858535763,1374.202285,0.0,9.4760671505
2024-03-09,2883.852225091425,6020.300952380952,655.3333333333333,2971.2866666666664,426.53594827410694,3795.28,-2747.189523809524,1058.1671428571428,376.928200733316,1377.925234,0.0,2.1999125235
2024-03-10,2604.300398609764,5876.773333333333,698.6933333333333,2644.454583333333,395.0694432743956,3652.868333333333,-1655.8172435897436,739.7467261904762,391.8628230650382,1341.228756,0.0,0.7028390215
2024-03-11,2149.0304851628152,7515.000952380952,797.12,1669.8666666666668,315.0797446724821,2206.52,-1608.0795238095238,639.0266666666666,360.85278670657294,1536.630523,0.0,6.922480619
2024-03-12,1036.2779628413866,3437.0133333333333,574.2266666666667,797.4650595238095,414.240416350568,4375.306666666666,-796.7466666666666,433.9747435897436,62.91479395210417,402.2410752,0.0,0.0
2024-03-13,1074.807571227565,5416.826666666667,518.7975,752.3399999999999,215.31685769381082,4198.106666666667,-1557.4266666666665,437.8219047619047,150.2460126258125,1071.462099,0.0,0.0
2024-03-14,1187.1666895473468,3726.413333333333,507.5752380952381,850.485,-161.30496797904118,4103.719047619048,-2112.489523809524,511.93339285714285,396.47336834051737,1564.21419,0.0,0.0
2024-03-15,1274.7769309494631,3708.76,636.88,1000.5933333333332,-318.69413978501757,959.4161904761904,-2344.28,426.73857142857145,415.7336282553299,1387.440199,0.0,0.1624671275
2024-03-16,1255.0013500330688,4706.44,680.04,1068.3779166666666,-186.0337188277522,3966.070476190476,-2668.419523809524,447.8947619047619,410.70865719351735,1407.597242,0.0,0.2647111255
2024-03-17,927.6538589324617,2943.733333333333,530.8933333333333,810.0866666666666,-213.50334987344942,4321.241904761905,-2340.9575,437.2560073260073,382.8603665838854,1513.369662,0.0,0.0523809525
2024-03-18,1196.1806177297306,5639.906666666667,530.08,818.4595833333333,-0.6899194603054816,4096.076666666667,-2339.026666666666,501.1004761904762,341.5453190106667,1414.462967,0.0,0.0
2024-03-19,890.7749965958606,3436.7866666666664,510.70666666666665,795.2517261904761,249.9112038932949,2602.0666666666666,-1793.3866666666665,576.3111312217195,234.1328729442847,1447.534289,0.0,0.0
2024-03-20,807.3852454384531,2404.5125,498.89333333333326,778.8772023809523,-205.68791439945085,1807.2933333333333,-1814.6133333333332,427.58,386.0469738328437,1586.656287,0.0,0.0
2024-03-21,812.0545573646125,1973.5066666666664,494.14666666666665,735.6933333333333,-315.23692173215767,4022.8,-2708.133333333333,444.4395833333333,417.63756154440625,1434.091622,0.0,0.0
2024-03-22,976.1009206495097,3361.72,584.3066666666666,815.3399999999999,198.14794825629843,2523.813333333333,-1754.327619047619,656.7928851540617,390.994333722316,1419.037048,0.0,0.0
2024-03-23,1811.988111967009,3421.373333333333,505.22666666666663,2444.4666666666662,242.02099021349022,4612.984615384616,-1617.6733333333332,454.1933333333333,255.3710118414097,1325.387504,0.0,0.0
2024-03-24,1656.784044725529,4463.554166666667,561.72,1263.3933333333332,82.08455719485897,4090.3866666666663,-2061.2943589743586,576.5815384615385,367.24286989201386,1505.543279,0.0,0.0
2024-03-25,1432.174839689348,3959.8266666666664,590.8895238095239,1024.9733333333331,-33.06080568447756,4138.685,-1871.5057142857145,423.53714285714284,382.4324943178993,1538.684562,0.0,0.0
2024-03-26,1351.6979759716387,3477.42,571.7916666666666,929.6133333333332,-92.11197686164599,3795.0608058608054,-4509.68,429.5193772893773,326.4437660130868,1582.10973,0.0,0.0
2024-03-27,1521.623383374183,6988.333333333333,585.5066666666667,947.2180952380952,-29.513605616027487,1906.8831410256407,-2027.7969696969697,417.49333333333334,273.93047228835763,1511.275632,0.0,0.0
2024-03-28,1390.9243522652114,4149.386666666666,570.0,953.2199999999998,-189.23907815450707,1224.4266666666665,-1631.1558333333332,420.34833333333324,339.23891720260764,1590.09258,0.0,0.0
2024-03-29,1301.4658870701057,3490.1466666666665,577.6133333333332,902.5791666666667,-221.58192116990216,4039.506666666666,-2024.2266666666665,421.9019047619047,382.00108794887154,1310.352276,0.0,0.0
2024-03-30,1018.6173728310769,3383.173333333333,535.0133333333333,794.4733333333334,-152.2184274126722,4076.1794871794873,-2053.44,414.40227564102565,359.9796175460521,1345.720707,0.0,0.0
2024-03-31,1259.4586683979146,3318.1866666666665,578.5466666666666,878.1133333333332,-79.15720571078568,3284.4476190476194,-2102.871794871795,414.2733333333333,336.62931794171527,1362.617778,0.0,0.0
2024-04-01,1487.4185289740897,4866.413333333333,553.64,1102.2297549019606,362.346187232906,4007.147619047619,-1612.2084848484849,533.585,111.21662547102432,1054.390687,0.0,0.0
2024-04-02,1670.09792345063,5502.213333333333,505.3875,1343.2199999999998,127.0744684245833,1309.3866666666665,-2837.9291666666663,484.2998901098901,263.2125574447812,1547.218918,0.0,0.0
2024-04-03,1615.9005443948413,5594.413333333333,666.5916666666666,1252.8333333333333,268.55149775378936,4150.777619047619,-1615.3333333333333,456.1333333333333,177.50575420803472,1171.617819,0.0,0.0
2024-04-04,1421.3865432098764,4471.577777777778,658.2055555555556,1045.4333333333334,455.31219021772176,4566.85,-1898.85,1009.7666666666667,286.3332276393333,1494.092063,0.0,0.0
2024-04-05,1241.889274691358,3793.5666666666666,650.4388888888889,800.7791666666667,288.74854692156237,2590.2241379310344,-1800.8777777777775,817.4916666666668,317.2448437047153,1415.761905,0.0,0.0
2024-04-06,1380.8046778549383,6015.327777777778,511.0333333333333,942.8527777777776,285.63388999118166,4204.9944444444445,-1613.7944444444445,593.8,151.23452219991665,1028.473214,0.0,0.0
2024-04-07,1685.2957677469135,4122.05,818.6111111111111,1381.9027777777778,338.7624317343964,4283.8,-2295.948275862069,564.1222222222223,287.77619797601386,1481.035648,0.0,0.0
2024-04-08,1533.8901369598764,5504.666666666666,772.4444444444445,1126.6416666666664,322.46362359426,4284.955555555556,-1726.8045977011493,640.4782567049808,221.21759737342708,1478.067262,0.0,0.0
2024-04-09,1463.0532660934743,3129.95,632.3777777777777,1130.9833333333331,1012.6041354033631,4975.3388888888885,-3025.9333333333334,1156.0138888888887,256.9319304716632,1606.098413,0.0,0.0
2024-04-10,1609.3216049382715,5184.233333333333,801.3611111111111,1257.2916666666665,808.7119030039379,4583.327586206897,-2691.0,698.6370689655173,141.93906787315623,1477.205516,0.0,0.0
2024-04-11,1629.0833358135578,4907.133333333333,642.4266666666666,1306.6799999999998,436.43156611855017,4203.44,-1490.5616438356165,675.7175342465753,142.83773266170485,800.682243,0.0,0.0
2024-04-12,1383.9188652455427,3565.44,651.7027027027027,1102.813333333333,806.3144660839257,5059.666666666666,-1603.08,793.3835616438355,129.78330633764236,1373.565421,0.0,0.0
2024-04-13,1406.167803560139,3429.68,533.9466666666666,1157.4466666666667,832.5068755783755,4585.310810810811,-1617.5066666666667,811.8933333333332,213.38311744858333,1315.093897,0.0,0.0
2024-04-14,1472.5733500464748,3806.56,611.9733333333332,1185.2466666666667,568.5933062535336,4758.973333333332,-1609.4054054054054,764.2284339133655,217.65043455295483,1309.600939,0.0,0.0
2024-04-15,1394.3381841296527,3318.52,620.5333333333333,1041.7569298245612,374.2310483326035,4226.306666666666,-1748.3424657534247,499.0463717141799,310.964799534816,1505.283721,0.0,0.0
2024-04-16,1381.2575360966684,3633.44,610.7066666666666,1061.06,704.4895503260577,4402.96,-1604.08,564.5928828828828,208.3711939117257,1462.981395,0.0,0.0
2024-04-17,1616.2473451565916,4452.626666666666,534.0666666666666,1039.3666666666666,589.8356151872101,4920.293333333333,-1622.96,654.32,221.38198948089754,1599.410377,0.0,0.0
